{
    "LDO": {
        "lifetime": 117,
        "open_time": 1710692323.6983922,
        "side": "SHORT",
        "sz": 50.1
    },
    "APE": {
        "lifetime": 77,
        "open_time": 1710692347.169288,
        "side": "LONG",
        "sz": 64.3
    }
}